<?xml version="1.0" encoding="utf-8"?><feed xmlns="http://www.w3.org/2005/Atom" xml:lang="en"><generator uri="https://jekyllrb.com/" version="4.3.2">Jekyll</generator><link href="https://clc.cs.uiowa.edu/site/feed.xml" rel="self" type="application/atom+xml"/><link href="https://clc.cs.uiowa.edu/site/" rel="alternate" type="text/html" hreflang="en"/><updated>2024-10-15T16:07:46+00:00</updated><id>https://clc.cs.uiowa.edu/site/feed.xml</id><title type="html">The Computational Logic Center</title><subtitle></subtitle></feed>